[{
 "categoryString": "EXTENSION",
 "dateBuilt": "2021-03-15T11:40:58-0400",
 "nonVisible": "true",
 "iconName": "aiwebres/glasses.png",
 "methods": [
  {
   "deprecated": "false",
   "name": "ClassifyImageData",
   "description": "Performs classification on the image at the given path and triggers the GotClassification event when classification is finished successfully.",
   "params": [{
    "name": "image",
    "type": "text"
   }]
  },
  {
   "deprecated": "false",
   "name": "ClassifyVideoData",
   "description": "Performs classification on current video frame and triggers the GotClassification event when classification is finished successfully.",
   "params": []
  },
  {
   "deprecated": "false",
   "name": "StartContinuousClassification",
   "description": "Method for StartContinuousClassification",
   "params": []
  },
  {
   "deprecated": "false",
   "name": "StopContinuousClassification",
   "description": "Method for StopContinuousClassification",
   "params": []
  },
  {
   "deprecated": "false",
   "name": "ToggleCameraFacingMode",
   "description": "Toggles between user-facing and environment-facing camera.",
   "params": []
  }
 ],
 "blockProperties": [
  {
   "rw": "read-write",
   "deprecated": "false",
   "name": "InputMode",
   "description": "Gets or sets the input mode for classification. Valid values are \"Video\" (the default) and \"Image\".",
   "type": "text"
  },
  {
   "rw": "read-write",
   "deprecated": "false",
   "name": "MinimumInterval",
   "description": "Property for MinimumInterval",
   "type": "number"
  },
  {
   "rw": "invisible",
   "deprecated": "false",
   "name": "Model",
   "description": "Property for Model",
   "type": "text"
  },
  {
   "rw": "read-only",
   "deprecated": "false",
   "name": "ModelLabels",
   "description": "Gets all of the labels from this model. Only valid after ClassifierReady is signaled.",
   "type": "list"
  },
  {
   "rw": "read-only",
   "deprecated": "false",
   "name": "Running",
   "description": "Property for Running",
   "type": "boolean"
  },
  {
   "rw": "invisible",
   "deprecated": "false",
   "name": "WebViewer",
   "description": "Property for WebViewer",
   "type": "component"
  }
 ],
 "helpUrl": "",
 "licenseName": "",
 "type": "edu.mit.appinventor.ai.personalimageclassifier.PersonalImageClassifier",
 "androidMinSdk": 7,
 "version": "20210315",
 "external": "true",
 "showOnPalette": "true",
 "assets": [
  "mobilenet_group22-shard1of1",
  "mobilenet_group37-shard1of1",
  "mobilenet_group41-shard1of1",
  "mobilenet_group11-shard1of1",
  "mobilenet_group29-shard1of1",
  "mobilenet_group30-shard1of1",
  "mobilenet_group48-shard1of1",
  "mobilenet_model.json",
  "mobilenet_group14-shard1of1",
  "mobilenet_group44-shard1of1",
  "personal_image_classifier.html",
  "mobilenet_group33-shard1of1",
  "mobilenet_group52-shard1of1",
  "mobilenet_group25-shard1of1",
  "mobilenet_group3-shard1of1",
  "mobilenet_group4-shard1of1",
  "mobilenet_group40-shard1of1",
  "mobilenet_group21-shard1of1",
  "mobilenet_group34-shard1of1",
  "mobilenet_group28-shard1of1",
  "mobilenet_group47-shard1of1",
  "mobilenet_group15-shard1of1",
  "mobilenet_group7-shard1of1",
  "mobilenet_group18-shard1of1",
  "mobilenet_group53-shard1of1",
  "mobilenet_group54-shard1of1",
  "mobilenet_group35-shard1of1",
  "mobilenet_group5-shard1of1",
  "mobilenet_group24-shard1of1",
  "personal_image_classifier.js",
  "mobilenet_group43-shard1of1",
  "mobilenet_group16-shard1of1",
  "mobilenet_group31-shard1of1",
  "mobilenet_group50-shard1of1",
  "mobilenet_group12-shard1of1",
  "mobilenet_group8-shard1of1",
  "mobilenet_group1-shard1of1",
  "squeezenet_group1-shard1of1",
  "mobilenet_group27-shard1of1",
  "mobilenet_group19-shard1of1",
  "squeezenet_model.json",
  "mobilenet_group46-shard1of1",
  "mobilenet_group38-shard1of1",
  "mobilenet_group20-shard1of1",
  "mobilenet_group49-shard1of1",
  "mobilenet_group36-shard1of1",
  "mobilenet_group17-shard1of1",
  "mobilenet_group42-shard1of1",
  "tfjs-0.13.2.js",
  "mobilenet_group23-shard1of1",
  "mobilenet_group55-shard1of1",
  "mobilenet_group6-shard1of1",
  "mobilenet_group10-shard1of1",
  "mobilenet_group26-shard1of1",
  "mobilenet_group45-shard1of1",
  "mobilenet_group9-shard1of1",
  "mobilenet_group32-shard1of1",
  "mobilenet_group39-shard1of1",
  "mobilenet_group51-shard1of1",
  "mobilenet_group2-shard1of1",
  "mobilenet_group13-shard1of1"
 ],
 "name": "PersonalImageClassifier",
 "helpString": "Component that classifies images using a user trained model from the image classification explorer. You must provide a WebViewer component in the PersonalImageClassifier component's WebViewer property in order for classification to work.",
 "properties": [
  {
   "defaultValue": "",
   "name": "InputMode",
   "editorArgs": [
    "Video",
    "Image"
   ],
   "editorType": "choices"
  },
  {
   "defaultValue": "0",
   "name": "MinimumInterval",
   "editorArgs": [],
   "editorType": "non_negative_integer"
  },
  {
   "defaultValue": "",
   "name": "Model",
   "editorArgs": [],
   "editorType": "asset"
  },
  {
   "defaultValue": "",
   "name": "WebViewer",
   "editorArgs": [],
   "editorType": "component:com.google.appinventor.runtime.components.WebViewer"
  }
 ],
 "events": [
  {
   "deprecated": "false",
   "name": "ClassifierReady",
   "description": "Event indicating that the classifier is ready.",
   "params": []
  },
  {
   "deprecated": "false",
   "name": "Error",
   "description": "Event indicating that an error has occurred.",
   "params": [{
    "name": "errorCode",
    "type": "number"
   }]
  },
  {
   "deprecated": "false",
   "name": "GotClassification",
   "description": "Event indicating that classification has finished successfully. Result is of the form [[class1, confidence1], [class2, confidence2], ..., [class10, confidence10]].",
   "params": [{
    "name": "result",
    "type": "dictionary"
   }]
  }
 ]
}]