[{"contentProviders":[],"metadata":[],"broadcastReceivers":[],"broadcastReceiver":[],"libraries":[],"services":[],"type":"edu.mit.appinventor.ai.personalimageclassifier.PersonalImageClassifier","androidMinSdk":["7"],"activityMetadata":[],"assets":["mobilenet_group22-shard1of1","mobilenet_group37-shard1of1","mobilenet_group41-shard1of1","mobilenet_group11-shard1of1","mobilenet_group29-shard1of1","mobilenet_group30-shard1of1","mobilenet_group48-shard1of1","mobilenet_model.json","mobilenet_group14-shard1of1","mobilenet_group44-shard1of1","personal_image_classifier.html","mobilenet_group33-shard1of1","mobilenet_group52-shard1of1","mobilenet_group25-shard1of1","mobilenet_group3-shard1of1","mobilenet_group4-shard1of1","mobilenet_group40-shard1of1","mobilenet_group21-shard1of1","mobilenet_group34-shard1of1","mobilenet_group28-shard1of1","mobilenet_group47-shard1of1","mobilenet_group15-shard1of1","mobilenet_group7-shard1of1","mobilenet_group18-shard1of1","mobilenet_group53-shard1of1","mobilenet_group54-shard1of1","mobilenet_group35-shard1of1","mobilenet_group5-shard1of1","mobilenet_group24-shard1of1","personal_image_classifier.js","mobilenet_group43-shard1of1","mobilenet_group16-shard1of1","mobilenet_group31-shard1of1","mobilenet_group50-shard1of1","mobilenet_group12-shard1of1","mobilenet_group8-shard1of1","mobilenet_group1-shard1of1","squeezenet_group1-shard1of1","mobilenet_group27-shard1of1","mobilenet_group19-shard1of1","squeezenet_model.json","mobilenet_group46-shard1of1","mobilenet_group38-shard1of1","mobilenet_group20-shard1of1","mobilenet_group49-shard1of1","mobilenet_group36-shard1of1","mobilenet_group17-shard1of1","mobilenet_group42-shard1of1","tfjs-0.13.2.js","mobilenet_group23-shard1of1","mobilenet_group55-shard1of1","mobilenet_group6-shard1of1","mobilenet_group10-shard1of1","mobilenet_group26-shard1of1","mobilenet_group45-shard1of1","mobilenet_group9-shard1of1","mobilenet_group32-shard1of1","mobilenet_group39-shard1of1","mobilenet_group51-shard1of1","mobilenet_group2-shard1of1","mobilenet_group13-shard1of1"],"native":[],"permissions":["android.permission.INTERNET","android.permission.CAMERA"],"activities":[]}]